Workbook

Sheet README
A1: HORDEBREAKERS — Tuning Spreadsheet
A3: Companion to HORDEBREAKERS_GDD.md. Every number here is a hypothesis to be validated in playtest.
A5: COLOR LEGEND
A6: Blue text | B6: Designer input — change these to tune the game
A7: Black text | B7: Formula / derived value — don't edit directly
A8: Green text | B8: Pulls a value from another sheet
A9: Yellow cell | B9: [PLACEHOLDER] — untested; validate in playtest before trusting
A11: TABS
A12: Player & Combat | B12: Player survivability, moveset, and the mark/detonate loop
A13: Auto-Weapons | B13: Starter auto-weapon stats + approx DPS
A14: Enemies | B14: Base stats per enemy (feeds wave scaling)
A15: Waves | B15: Per-wave escalation curve (formula-driven from assumptions)
A16: Progression | B16: XP curve + meta economy
A18: PROCESS
A19: Per GDD §11: define what "broken" looks like BEFORE each playtest so you recognize it.

Sheet Player & Combat
A1: Variable | B1: Base | C1: Min | D1: Max | E1: Notes / Rationale
A2: Player HP | B2: 100 | C2: 60 | D2: 200 | E2: Baseline survivability; co-op scaling separate
A3: Move speed (u/s) | B3: 5 | C3: 3 | D3: 8 | E3: Must feel responsive vs an encroaching swarm
A4: Dodge distance (u) | B4: 4 | C4: 2 | D4: 7 | E4: Enough to clear an elite telegraph
A5: Dodge i-frames (s) | B5: 0.3 | C5: 0.1 | D5: 0.6 | E5: Feel test — the skill ceiling of defense
A6: Dodge cooldown (s) | B6: 1 | C6: 0.4 | D6: 2.5 | E6: Gates spam; risk/reward of repositioning
A7: Light attack dmg (per hit) | B7: 8 | C7: — | D7: — | E7: 3-hit combo; chaff cleanup + gap filler
A8: Light combo hits | B8: 3 | C8: — | D8: — | E8: Combo string length
A9: Heavy attack dmg | B9: 30 | C9: — | D9: — | E9: The Detonator — solid raw dmg on its own too
A10: Heavy attack windup (s) | B10: 0.45 | C10: 0.2 | D10: 0.8 | E10: Commitment cost of the detonate
A11: Mark duration (s) | B11: 4 | C11: 2 | D11: 8 | E11: Decays if not refreshed by autos
A12: Mark max stacks | B12: 10 | C12: 3 | D12: 25 | E12: Cap per enemy
A13: Detonation radius (u) | B13: 4 | C13: 2 | D13: 8 | E13: AoE around heavy-attack impact
A14: Detonation dmg per stack | B14: 6 | C14: — | D14: — | E14: CORE SCALING LEVER — burst = stacks consumed
A15: Max detonation dmg (full stacks) | B15: =B14*B12 -> 60 | E15: Derived: detonation dmg per stack × mark max stacks
A16: Downed revive time (s) | B16: 3 | C16: 1.5 | D16: 6 | E16: Teammate stands nearby to revive
A17: Self-revive cooldown (s) | B17: 90 | C17: 30 | D17: 180 | E17: Solo + clutch saves; off in co-op? (open question)

Sheet Auto-Weapons
A1: Weapon | B1: Base Dmg | C1: Fire Interval (s) | D1: Projectiles | E1: Range (u) | F1: Marks / Hit | G1: Approx DPS | H1: Targeting | I1: Notes
A2: Throwing Knives | B2: 5 | C2: 0.8 | D2: 1 | E2: 8 | F2: 1 | G2: =B2*D2/C2 -> 6.25 | H2: Nearest | I2: Reliable single-target marker
A3: Orbiting Axes | B3: 7 | C3: 1.2 | D3: 2 | E3: 3 | F3: 1 | G3: =B3*D3/C3 -> 11.666667 | H3: Orbit | I3: Body-blocks + marks adjacent; evolves → Whirlwind
A4: Arc Lightning | B4: 6 | C4: 1.5 | D4: 1 | E4: 7 | F4: 1 | G4: =B4*D4/C4 -> 4 | H4: Random+chain | I4: Spreads marks across the crowd (Tempest favorite)
A5: Scattergun | B5: 4 | C5: 1 | D5: 5 | E5: 5 | F5: 1 | G5: =B5*D5/C5 -> 20 | H5: Forward arc | I5: Burst-marks clusters at close range
A7: Approx DPS = Base Dmg × Projectiles ÷ Fire Interval (ignores chain/cone overlap).

Sheet Enemies
A1: Enemy | B1: Tier | C1: Base HP | D1: Contact Dmg | E1: Move Speed | F1: XP Value | G1: Spawn Weight | H1: Notes
A2: Husk | B2: Swarm | C2: 12 | D2: 5 | E2: 3 | F2: 1 | G2: 60 | H2: Baseline shambler — the auto-weapon fodder
A3: Runner | B3: Swarm | C3: 6 | D3: 4 | E3: 6.5 | F3: 1 | G3: 25 | H3: Fast, fragile; pressure in numbers
A4: Spitter | B4: Swarm | C4: 10 | D4: 6 | E4: 2.5 | F4: 2 | G4: 15 | H4: Lobbed projectile; punishes standing still
A5: Brute | B5: Elite | C5: 120 | D5: 18 | E5: 2.2 | F5: 8 | G5: 0 | H5: Telegraphed ground slam (large decal)
A6: Charger | B6: Elite | C6: 90 | D6: 16 | E6: 3 | F6: 8 | G6: 0 | H6: Telegraphed dash across the arena
A7: Warden | B7: Elite | C7: 150 | D7: 12 | E7: 2 | F7: 10 | G7: 0 | H7: Front shield — flank or detonate to break
A8: The Gravemaker | B8: Boss | C8: 4000 | D8: 0 | E8: 1.8 | F8: 50 | G8: 0 | H8: Multi-phase; summons swarm adds + AoE patterns
A10: Spawn Weight = relative frequency within the swarm pool (elites/boss spawned by the Waves sheet, not weight).

Sheet Waves
A1: Wave Pacing & Escalation
A2: Change the assumptions below; the table recomputes.
A4: Players (1-4) | B4: 1
A5: Base enemy count (wave 1) | B5: 20
A6: Enemy count growth / wave | B6: 1.18
A7: Base elite count (wave 1) | B7: 0
A8: Elites added / wave | B8: 0.5
A9: Enemy HP scale / wave (additive) | B9: 0.12
A10: Boss every N waves | B10: 4
A11: Co-op spawn mult / extra player | B11: 0.35
A13: Wave | B13: Enemy Count | C13: Elite Count | D13: Enemy HP Mult | E13: Husk HP (scaled) | F13: Brute HP (scaled) | G13: Boss?
A14: 1 | B14: =ROUND($B$5*$B$6^(A14-1)*(1+$B$11*($B$4-1)),0) -> 20 | C14: =FLOOR($B$7+$B$8*(A14-1),1) -> 0 | D14: =1+$B$9*(A14-1) -> 1 | E14: =Enemies!$C$2*D14 -> 12 | F14: =Enemies!$C$5*D14 -> 120 | G14: =IF(MOD(A14,$B$10)=0,"BOSS","")
A15: 2 | B15: =ROUND($B$5*$B$6^(A15-1)*(1+$B$11*($B$4-1)),0) -> 24 | C15: =FLOOR($B$7+$B$8*(A15-1),1) -> 0 | D15: =1+$B$9*(A15-1) -> 1.12 | E15: =Enemies!$C$2*D15 -> 13.44 | F15: =Enemies!$C$5*D15 -> 134.4 | G15: =IF(MOD(A15,$B$10)=0,"BOSS","")
A16: 3 | B16: =ROUND($B$5*$B$6^(A16-1)*(1+$B$11*($B$4-1)),0) -> 28 | C16: =FLOOR($B$7+$B$8*(A16-1),1) -> 1 | D16: =1+$B$9*(A16-1) -> 1.24 | E16: =Enemies!$C$2*D16 -> 14.88 | F16: =Enemies!$C$5*D16 -> 148.8 | G16: =IF(MOD(A16,$B$10)=0,"BOSS","")
A17: 4 | B17: =ROUND($B$5*$B$6^(A17-1)*(1+$B$11*($B$4-1)),0) -> 33 | C17: =FLOOR($B$7+$B$8*(A17-1),1) -> 1 | D17: =1+$B$9*(A17-1) -> 1.36 | E17: =Enemies!$C$2*D17 -> 16.32 | F17: =Enemies!$C$5*D17 -> 163.2 | G17: =IF(MOD(A17,$B$10)=0,"BOSS","") -> BOSS
A18: 5 | B18: =ROUND($B$5*$B$6^(A18-1)*(1+$B$11*($B$4-1)),0) -> 39 | C18: =FLOOR($B$7+$B$8*(A18-1),1) -> 2 | D18: =1+$B$9*(A18-1) -> 1.48 | E18: =Enemies!$C$2*D18 -> 17.76 | F18: =Enemies!$C$5*D18 -> 177.6 | G18: =IF(MOD(A18,$B$10)=0,"BOSS","")
A19: 6 | B19: =ROUND($B$5*$B$6^(A19-1)*(1+$B$11*($B$4-1)),0) -> 46 | C19: =FLOOR($B$7+$B$8*(A19-1),1) -> 2 | D19: =1+$B$9*(A19-1) -> 1.6 | E19: =Enemies!$C$2*D19 -> 19.2 | F19: =Enemies!$C$5*D19 -> 192 | G19: =IF(MOD(A19,$B$10)=0,"BOSS","")
A20: 7 | B20: =ROUND($B$5*$B$6^(A20-1)*(1+$B$11*($B$4-1)),0) -> 54 | C20: =FLOOR($B$7+$B$8*(A20-1),1) -> 3 | D20: =1+$B$9*(A20-1) -> 1.72 | E20: =Enemies!$C$2*D20 -> 20.64 | F20: =Enemies!$C$5*D20 -> 206.4 | G20: =IF(MOD(A20,$B$10)=0,"BOSS","")
A21: 8 | B21: =ROUND($B$5*$B$6^(A21-1)*(1+$B$11*($B$4-1)),0) -> 64 | C21: =FLOOR($B$7+$B$8*(A21-1),1) -> 3 | D21: =1+$B$9*(A21-1) -> 1.84 | E21: =Enemies!$C$2*D21 -> 22.08 | F21: =Enemies!$C$5*D21 -> 220.8 | G21: =IF(MOD(A21,$B$10)=0,"BOSS","") -> BOSS
A22: 9 | B22: =ROUND($B$5*$B$6^(A22-1)*(1+$B$11*($B$4-1)),0) -> 75 | C22: =FLOOR($B$7+$B$8*(A22-1),1) -> 4 | D22: =1+$B$9*(A22-1) -> 1.96 | E22: =Enemies!$C$2*D22 -> 23.52 | F22: =Enemies!$C$5*D22 -> 235.2 | G22: =IF(MOD(A22,$B$10)=0,"BOSS","")
A23: 10 | B23: =ROUND($B$5*$B$6^(A23-1)*(1+$B$11*($B$4-1)),0) -> 89 | C23: =FLOOR($B$7+$B$8*(A23-1),1) -> 4 | D23: =1+$B$9*(A23-1) -> 2.08 | E23: =Enemies!$C$2*D23 -> 24.96 | F23: =Enemies!$C$5*D23 -> 249.6 | G23: =IF(MOD(A23,$B$10)=0,"BOSS","")
A24: 11 | B24: =ROUND($B$5*$B$6^(A24-1)*(1+$B$11*($B$4-1)),0) -> 105 | C24: =FLOOR($B$7+$B$8*(A24-1),1) -> 5 | D24: =1+$B$9*(A24-1) -> 2.2 | E24: =Enemies!$C$2*D24 -> 26.4 | F24: =Enemies!$C$5*D24 -> 264 | G24: =IF(MOD(A24,$B$10)=0,"BOSS","")
A25: 12 | B25: =ROUND($B$5*$B$6^(A25-1)*(1+$B$11*($B$4-1)),0) -> 124 | C25: =FLOOR($B$7+$B$8*(A25-1),1) -> 5 | D25: =1+$B$9*(A25-1) -> 2.32 | E25: =Enemies!$C$2*D25 -> 27.84 | F25: =Enemies!$C$5*D25 -> 278.4 | G25: =IF(MOD(A25,$B$10)=0,"BOSS","") -> BOSS
... A33: 20 | B33: =ROUND($B$5*$B$6^(A33-1)*(1+$B$11*($B$4-1)),0) -> 464 | C33: =FLOOR($B$7+$B$8*(A33-1),1) -> 9 | D33: =1+$B$9*(A33-1) -> 3.28 | E33: =Enemies!$C$2*D33 -> 39.36 | F33: =Enemies!$C$5*D33 -> 393.6 | G33: =IF(MOD(A33,$B$10)=0,"BOSS","") -> BOSS

Sheet Progression
A1: Progression — XP & Economy
A3: Base XP (L1 → L2) | B3: 5
A4: XP growth / level | B4: 1.25
A5: Cards offered per level | B5: 3
A6: Gold / swarm kill | B6: 1
A7: Gold / elite kill | B7: 10
A8: Gold / boss kill | B8: 50
A9: Meta currency / boss first-kill | B9: 5
A10: Character unlock cost (meta) | B10: 100
A11: Weapon unlock cost (meta) | B11: 50
A13: Level | B13: XP to Next | C13: Cumulative XP
A14: 1 | B14: =ROUND($B$3*$B$4^(A14-1),0) -> 5 | C14: =B14 -> 5
A15: 2 | B15: =ROUND($B$3*$B$4^(A15-1),0) -> 6 | C15: =C14+B15 -> 11
A16: 3 | B16: =ROUND($B$3*$B$4^(A16-1),0) -> 8 | C16: =C15+B16 -> 19
A17: 4 | B17: =ROUND($B$3*$B$4^(A17-1),0) -> 10 | C17: =C16+B17 -> 29
A18: 5 | B18: =ROUND($B$3*$B$4^(A18-1),0) -> 12 | C18: =C17+B18 -> 41
A19: 6 | B19: =ROUND($B$3*$B$4^(A19-1),0) -> 15 | C19: =C18+B19 -> 56
A20: 7 | B20: =ROUND($B$3*$B$4^(A20-1),0) -> 19 | C20: =C19+B20 -> 75
A21: 8 | B21: =ROUND($B$3*$B$4^(A21-1),0) -> 24 | C21: =C20+B21 -> 99
A22: 9 | B22: =ROUND($B$3*$B$4^(A22-1),0) -> 30 | C22: =C21+B22 -> 129
A23: 10 | B23: =ROUND($B$3*$B$4^(A23-1),0) -> 37 | C23: =C22+B23 -> 166
A24: 11 | B24: =ROUND($B$3*$B$4^(A24-1),0) -> 47 | C24: =C23+B24 -> 213
A25: 12 | B25: =ROUND($B$3*$B$4^(A25-1),0) -> 58 | C25: =C24+B25 -> 271
A26: 13 | B26: =ROUND($B$3*$B$4^(A26-1),0) -> 73 | C26: =C25+B26 -> 344
... A33: 20 | B33: =ROUND($B$3*$B$4^(A33-1),0) -> 347 | C33: =C32+B33 -> 1716
